Dataset Size,Time (seconds)
1000,0.5692172050476074
5000,0.6364657878875732
10000,0.5965785980224609
50000,1.105625867843628
100000,1.4380218982696533
150000,1.9192676544189453
200000,1.9984655380249023
